aging cell,1
ageing research reviews,1
neurobiology of aging,1
mechanisms of ageing and development,1
psychology and aging,1
journals of gerontology - series a biological sciences and medical sciences,1
aging,1
experimental gerontology,1
age and ageing,1
biogerontology,1
rejuvenation research,1
interdisciplinary topics in gerontology,1
immunity and ageing,1
gerontology,1
age,1
experimental aging research,1
international journal of aging and human development,1
annals of human biology,1
aging clinical and experimental research,1
archives of gerontology and geriatrics,1
international journal of cosmetic science,1
international journal of alzheimers disease,1
oxidative medicine and cellular longevity,1
current aging science,1
frontiers in aging neuroscience,1
revista espanola de geriatria y gerontologia,1
neuroembryology and aging,1
geriatrics and aging,1
giornale di gerontologia,1
research and practice in alzheimers disease,1
annual review of gerontology and geriatrics,1
hallym international journal of aging,1
revista multidisciplinar de gerontologia,1
